T1_inlet_C,T2_outlet_C,P1_inlet_bar,P2_outlet_bar,Catalyst_wt%,Time_min,Stirring_Speed_rpm,pH,Yield_%
95.51470775669426,95.38222746824135,3.511383363344614,3.447485510320861,1.0567369633253132,130.69062378436988,280.63928450905945,6.605550256543935,305.4566311355841
114.02253918026634,117.57116274725502,3.1277643508507427,3.0088725349093504,2.0965863944183734,70.59659129726485,259.59337306922174,7.064941815767795,356.7223904040958
110.42035122547409,111.40408370252197,1.9371663903391105,2.4769323457547854,1.1525078360822936,42.1844452210009,274.05710827871985,7.128833175559495,337.1381563104013
105.77809660373293,106.81644631826522,4.407191271565716,4.058946972599859,1.0987667474106966,178.8872693231645,291.9246348053109,7.2011663939742725,343.78856183897926
87.92011696149058,83.88277723617361,3.7554126408024175,3.6460438377536395,0.9650119844156624,53.43022618958989,366.54013602595654,6.332510660699401,272.95088592897787
89.48212299011198,82.24608195277477,1.358957457486579,1.7428799360299445,0.7593579564484707,178.26314909452216,376.39748883914984,6.759474809643297,286.4615713870849
84.8251109503747,76.81472836741808,4.581866922565397,4.800386839831889,1.012926122033532,176.5919898849671,327.9499241725583,7.234388454233933,282.81014432897354
116.02458606868271,116.17101981173504,4.139717690574559,4.239841194483777,1.2106394969477754,149.07271558620596,384.62623394625064,7.939637729267569,361.0433621367743
103.83410333535241,100.73450065120673,4.863034555251532,4.679697614229368,1.8479884162914608,128.91344431229965,224.47247768340978,7.455262275399377,334.5921905062468
103.34002031129384,101.86423133298436,4.170968122758069,4.187352005893142,0.6251296844389032,116.6710575376627,226.33647111744799,7.845207514187916,325.94964472315183
82.11223442922986,81.98911558542498,3.0786262898140104,3.8014407165026753,0.9210138793306859,159.9152318066752,251.54883810729754,7.524424116628354,276.0794958205519
119.41945714796911,126.27539263877816,2.695977360991959,2.8687437553188344,2.118047280583353,73.4159282429232,355.4232494121034,7.183433937784801,373.0205226410951
114.11244214360299,113.27949289739719,4.698887374302725,4.747977561929058,0.7938438471675415,100.15218187273156,264.19840360949405,6.384046738272689,351.92302884445917
84.66331869967011,91.00903675048598,4.598523573291727,4.302602413673449,1.185290293045043,122.90849540497528,284.9853210477732,7.333371303785026,293.1551236336708
84.02982906705924,87.51848676392672,1.2235140060722955,1.0147857991134446,2.22931784371628,91.67857138042366,320.0938508518982,7.246759131919815,276.75661612930475
90.49563895413607,87.03951143456393,0.9550740316412442,1.2099707190421596,0.8098506222868853,94.1229681135402,443.55983720311394,7.2049383409145324,274.6533466591055
92.05102425681154,94.9269191673448,2.442042680378875,2.589533111689935,0.6654736712363798,79.54270012531266,204.15864077385802,6.9795717359764815,294.5649774699783
103.03475935740738,100.11943363272356,4.0830081517666335,4.522533041716618,1.4690759901600217,114.6347725026804,394.8136460709867,7.057313207978551,329.2681740356872
97.36275587407602,98.07997768790034,5.164305944979498,5.079194535767006,1.1048390225570728,157.5861792022674,400.6629593122056,6.668885054236208,324.6940214730605
91.73843402640891,92.61425902650971,1.6059298941485012,1.301051504062149,1.6268167289677082,60.22925670094693,439.596734106991,7.038625385284607,292.4493943987436
107.28896720682317,102.46984442796602,3.756760998559142,3.5869123849531244,2.1076097809669503,170.1649558130162,479.82588171809397,6.395111811356957,341.5221867286923
84.03162024142955,88.55588147469125,2.5114312637611618,2.3239513010612036,0.7742969763054863,133.36314806223444,206.04135468478694,7.610348794720753,279.7181274208451
91.97414827223167,91.1609066713225,4.73797623787632,4.802863336867943,1.66139816910857,153.49098190200453,246.13511165396486,6.371553909397416,311.94900607275025
93.26764786563254,92.38723825326913,4.0657328140202695,4.418515733793174,1.5110175207797278,113.42860389450175,465.8513882167979,6.169932579778933,302.3111837342419
96.93931068638449,99.85232889939265,3.9926868835933624,4.7524483168013445,0.7881575720263991,146.92750521360952,337.5555686561046,6.872492052714315,316.6332120334053
110.47952208531461,108.71163451034742,2.5579454505787833,3.496756350380953,1.7479969710579648,32.43005960092008,369.37719168003906,7.316614879012124,333.5805809258076
88.65335260123553,88.07149475844177,2.7127033395529576,2.7806226211778973,1.0472808357215433,152.75706371693028,398.90816111694426,6.875433649867083,293.75360620645455
99.13313167155404,100.54202054661185,2.195373292368812,2.0569889639787475,1.475668637088025,36.020828862804976,403.71998134869125,6.553508263902617,311.2032822113789
107.46385113120226,106.95426945197643,0.9092638461972817,1.3324031162998184,0.6645446485541238,163.48700645442938,479.52212099495245,7.116342367780882,329.6486780950686
79.1741946021414,83.28211120743977,4.637897167835437,4.63642059019498,1.419168114427246,178.7944120857965,499.0848252235009,6.6940046708244,288.11138562219355
103.74117914357346,104.2267131998221,4.154991826183623,4.187470511408872,1.1129269360856406,74.11011932651667,416.04723827928206,7.865735380253266,325.1019913665732
85.50177177266913,89.27426384509252,5.028229295541633,5.357912964326987,2.1447624223707087,61.54778344286905,286.16636276154526,7.845290279207144,297.1969474079172
86.94299737247238,86.77268636646312,5.308991473946707,5.032561500133902,0.6139574539947366,144.8045045787061,463.9257206883031,7.004743639944191,293.4205507860045
118.54508581966806,119.62885240918892,3.401094685583616,3.3212754402287885,1.3372145498366599,67.95395113803798,214.76627436222847,6.6557679880365175,363.91650127813426
121.72081494138828,118.65633918251251,4.022243531140876,4.209134511132934,1.416862848262876,159.83435747583053,269.3242558623489,7.474264827913278,374.44073117495276
107.87921280554754,108.40038522760797,4.600824474446655,4.863380241652604,1.9500121525982375,45.42638882362151,469.21571523911445,6.073425886966133,340.69327027563577
92.9857015645426,88.98920977770871,3.9682264824437845,4.566377662803568,1.648575150180422,48.89327945690374,276.8574543318065,6.949538012087302,299.21616556433366
86.57577694712566,82.99121044719135,1.8455617431243065,1.865941769663406,1.834424674388362,176.87273326509234,266.19531788652455,6.672646788540667,286.8538414334788
107.61617302831255,105.54078445400842,2.759950493474835,2.690516190451168,2.0540985713035123,131.07583474050068,241.43758794207417,7.84107177020511,335.4408063978544
100.8025408747801,97.04518584062771,1.3192017551757431,1.296606814011641,2.2244059473163773,157.03308366434294,457.733527294075,6.0240060545453655,316.1503386125364
83.32966404349004,85.05147916848247,4.789952715616429,4.9041043551589345,1.127750993444941,78.64940660272771,350.017477757326,7.105629751436698,280.2008715904356
104.03511872500755,101.396154667521,3.440068914395274,3.580485838505943,1.576045410727806,131.47256242809067,402.4679609162464,7.481327162133252,321.46248657224413
88.27223521546648,81.16404451043147,1.8696000256522352,2.006125795244228,2.1802161568783998,119.13627409628958,271.7199152225089,6.9700359750480825,282.1083489192068
115.28430040183231,117.8323210146299,3.556802221458735,4.021701224292935,2.478902261930113,120.47251801844205,427.41212630336497,6.170806060325443,368.75598141114784
89.01469169979836,90.54462250843105,3.506243896224929,3.471393758065774,2.2790386220875263,132.37986893065823,428.00166348862956,7.944922780055805,302.19823541060714
110.86104480551238,100.57449167509766,2.521039002045244,2.5663992032498646,1.2429345252487536,116.30387596936478,293.77940747249005,7.036020862752196,323.5678177378522
97.20715948076858,89.65043686212017,1.2361505533099468,1.2358901935706532,0.8903330344373008,94.35935539539989,323.2047899030849,7.228372488638023,290.12106241881673
99.23414076565263,100.37045817994758,3.9684792583204525,3.6088728418763183,1.4787850748131774,71.38840415708202,262.9070832290603,6.473219565415015,311.130177361593
100.60785072244362,98.23932694520786,3.061513177158321,3.220338355128329,1.9832829036720845,145.2871996369803,492.96830699687126,6.966996170213608,326.82881007803644
86.54882439443956,89.19396441100969,4.093043491531527,4.259093989091186,1.4851381415065952,63.94086450047793,393.6807731175235,6.858298983916644,286.8784176490014
114.75003357747951,123.37563760761344,3.222296889099285,3.0218606149151372,1.466361726627337,133.85314592316212,480.36316421465466,6.149791684003968,370.0453915655097
108.24935709499199,114.66159848953654,4.4553692275268615,4.394406150902547,2.176460842163601,64.99992339739899,291.01566308874,6.212320707094935,354.1126044719554
114.56753536231136,116.93962904977694,3.398254681880591,2.9040526057617804,1.2228075581343727,123.79952549316809,434.5672738990669,7.674945039237549,353.72944064230785
113.48970132179356,120.2652724276558,3.30117671918191,3.1723460459802233,2.2195893496232912,142.06174006935436,429.7575931654226,6.4796399044131805,362.51754512952505
103.81194449028307,104.36200152404975,4.384126935705293,4.684691043337338,1.313609601903447,62.80708333598088,407.49669555996246,6.389916542997261,330.5900965008393
117.57761359853423,115.86371148757055,2.6862321698908085,2.7289724680709013,1.1564662113566788,38.99149512919624,489.6916925800401,7.009822902500279,347.3286779348191
88.191201560519,81.69949209145396,1.3073156723384305,1.6361940580788048,1.407979822399398,49.64606144912611,318.0666008318947,7.537494262725026,271.07488979760376
84.84425237454944,86.93190543730142,1.1368426464086605,1.1250854426895478,2.024893917349737,120.89954509065382,239.21519707692718,6.123893037157976,279.00319597399766
84.76205875185127,80.64456110079783,4.013903024565584,4.021961654420112,0.7520040557279886,157.4169609338603,401.5126577732182,7.153615839276512,275.56957509110225
92.37124669785405,93.52446189765703,3.4396148339593506,3.349173977519169,0.8928384317440348,36.749523185313656,418.79294014316184,6.238420885681147,287.36517789374216
95.39870045862197,96.02881353072887,3.790611570109108,3.9560847564374013,2.402889651326184,140.12268885624695,372.5181720376444,6.072922101651237,319.1107255509286
92.87841974745565,90.86309933141608,1.4754868369361152,1.9360512349135208,0.8509832547627147,81.19779689250782,262.0453679400189,6.105487904324435,286.3789658245677
109.78133430139029,114.46031487531623,1.4357409207988867,1.6438896719456388,1.6354546358621092,101.77925548792838,351.33678250080663,7.6683282164168824,339.90958436513927
95.41736230629573,97.8420718921026,1.0767476428997507,0.9529716941380116,1.6586289333238757,169.32893247683484,293.65692097073884,6.235944967256123,309.897810494201
91.7367370121344,94.0860427938192,2.434321513625868,1.9716816512521391,1.4792489241004896,79.79572571037681,328.2399584500067,6.090302728824584,299.09957160413023
103.18519711835438,97.25314942098022,3.1541357192333406,3.5791012897692713,1.7894904971536372,99.80054009092291,393.5655727533992,6.875799774285825,320.10635139416337
86.50447493071397,77.97520559428465,2.8221177485718694,2.4732086891972482,0.9596534515952369,32.05236221410217,423.56442280725037,7.68798694388405,264.3069296199114
119.45377964989427,114.89083896387942,2.576664718452016,2.5773445352862923,1.6053245355534964,42.23980800072576,269.6674072704029,6.524816752978603,354.4277972611722
81.06880579443688,78.88138965194457,4.810526218080342,4.755330560357793,1.2443465104937943,68.78873867021761,321.597608194086,6.843425235051833,268.72597302952164
117.88248659901524,118.80118125834264,2.4784607404675385,2.3146193401093753,1.823334519258378,34.17783612316116,280.7484712974888,6.079845065127502,356.1269202403712
109.02036919259201,107.37945169368822,2.9267124946704826,3.2679452334485677,0.7824470867462989,124.70629890723765,259.5894841585607,6.898157028269752,337.6134977815513
86.28219590388613,82.54268594862684,4.489674229486474,4.258013240879912,1.6417548336789525,93.95975352024338,435.0161659987515,7.155226161274268,287.85147823901536
78.30872330302455,81.84527286955846,2.3474437629337848,2.722884993925176,0.8705407107666474,112.2217804092033,472.7758083310977,7.14181410750429,259.8456407998797
116.18550673151601,114.8959226191013,3.6721776356334943,3.215155658671387,1.0572861262300728,56.19707788444943,311.069655705373,6.6648533843487305,348.5705128618301
112.53580649787425,106.54476255172453,4.649571298595576,4.69184363206426,0.9374196006471665,74.38980441549242,425.3836773121301,6.631066361326271,339.583005318843
107.44804784039107,101.38715984520476,4.66395845281524,4.85033260087734,0.8656755597376342,129.57367122790876,469.0985868093233,6.213247237873196,334.6247636902487
108.35374714812515,109.21208052268038,1.8667869837290176,1.514438495866911,2.151421903121334,174.79540854455996,453.8372631590695,6.733596641292537,344.0244201026339
84.37603273852282,84.13719808557126,4.656341197726187,4.735028194114427,1.0714151353217807,37.56251604033138,254.84401656176777,6.198989337745929,283.8508239547675
92.681960008928,89.90189443544853,3.026203898174124,2.6132181257384888,2.3542475637288987,163.5576481282899,486.8875644540084,7.533191889424103,303.75042260888046
86.53355783427172,85.18484214034265,2.0850419209500775,2.1147081154919674,2.439853050690382,116.53218019668127,313.0029321288387,7.932548595496372,284.4907022166801
115.13290609757765,114.47820748750476,2.8096812766589356,2.630668723316631,1.6425209398741947,114.58793501334355,301.7721983521509,7.940148913333414,357.2426918591247
100.38469272811062,106.66979957190559,5.082291955773865,4.6495962439732015,0.7860022453314528,105.04178028116405,218.7293981833341,7.730142198750787,331.1522516242548
97.87843659809616,93.59466209934843,3.129170120081921,2.6660005387279,1.2490964867591625,40.40911288562751,345.8520962314649,7.201584298679238,304.639225752763
87.92996703072751,79.62312718879627,1.9653000465023966,2.537544116148018,2.095464526696428,43.4815277604241,232.70408469227863,7.40173139448776,274.8914302520749
90.60092679717334,96.02900737361998,3.7944714658425336,3.407750738528345,1.234781457394141,120.13680084886292,274.56194627822777,6.570411605360828,300.6738669124336
91.84422820126193,92.53174416198898,1.6280840775056373,2.267328017096072,0.6740344366055775,81.14378571533373,295.0827865301844,7.2615408403452415,284.90428100102565
110.04184330569727,109.10233351499276,1.5099625533029872,1.1962930198241961,1.6135698218563759,167.5902099866521,442.64789704750524,6.911299098879755,335.2060524921196
106.50566922416961,102.70249497698894,1.7408599150081137,1.1740472961240076,2.1902417029920693,90.98858060392084,462.64659511876897,6.9640346795538655,327.0960619312039
117.46414252107157,114.15866294947854,1.29399006978805,1.2888784678413578,2.0918527742870046,51.49221880539616,290.7398952384409,7.515553120750316,351.2575354850466
104.91921062277702,96.23418886439727,1.5254479164582604,1.8547730980505652,0.8502462802607065,137.2078250253054,457.60943637337215,6.5638367111945035,318.9204652411139
84.25292815504991,84.26493165776179,1.3341677569004533,1.524129055010307,1.8455292288249334,74.00301321615147,457.1692812109373,6.636079223389039,275.6152285975821
106.13489975530443,113.66491692934683,3.5205147731551114,3.453841519914738,0.9410085268712942,108.82054610338398,429.39528511546206,7.849283582257273,344.6076946629533
106.29344426063231,106.31569851588183,1.6659134807594311,1.7595239827671367,0.9364150691043445,134.6749178257755,244.00853420455445,6.112448589701945,325.6978660324928
100.25829778295409,97.61040370914962,2.5386012397493207,2.4830256805289617,2.24814354661037,165.03961668031056,407.0968540702187,6.971268596826681,318.46033524832603
110.73930627956105,115.25219818066327,4.849215388847968,4.810633402804539,0.9993379054804603,148.82867922025142,483.50721937417063,7.825601600815723,359.96272479784926
105.13549744512899,99.12385282312003,3.1749833232094806,3.1855464070300745,1.0264946930360224,131.45416018090862,404.7621436301471,7.220726015636314,324.7341283187489
99.35647927817125,98.90209495930002,3.557797348768448,3.5982772249262918,0.5013067815225991,131.94497735927155,299.4850547323502,7.092814148424264,315.60690345173236
97.77300458925868,100.2213547965302,1.647435110057614,1.4240699475901117,2.2413380682510353,171.888696604813,350.1737952292494,6.49948835845871,319.85614188978127
80.96749638154554,79.19991845055321,1.432468436790493,1.6864630430100278,2.0851896264182694,74.37361462448041,393.71751300531605,6.6865509781288965,265.7841545075439
87.88083690007643,89.79368622037299,1.0023004517666778,1.2155305663824927,1.754657870181356,30.16681412942811,353.17112261855107,7.704096831609386,282.6831748416593
88.83796470509023,83.29094504148718,1.8687105789081497,1.482988467046536,2.0005315278776843,70.7931839097298,235.98588251929095,7.118436263536916,282.8091588944199
103.86381013179026,103.99268222611411,2.437477920837481,1.922931173148826,0.8040971348489836,62.6837069440116,293.6192133956062,7.02948438751356,318.8164523042448
91.1059209154984,99.04616388284958,1.4611721627310028,1.7767995134169643,1.4166471891751509,129.27518776709974,440.7188091660897,6.199159427080058,304.621104695246
103.47531027779533,98.5256828775781,1.2363172831976437,1.3450796647141323,1.2024387746975618,125.05673996482936,458.4254138286552,6.032056312910246,315.1229064102202
118.34833342592265,118.52894507307164,1.4772623330106178,1.4891028834847206,0.687553052514033,119.01920740570857,241.19000981467107,7.927370377374098,351.76125729070685
95.5118111431631,90.86956690717447,2.8991473038948246,2.6914160051908893,1.4722609704298482,32.43651648141805,485.7160257196174,6.7539723345736835,297.06470047397863
98.16710147740308,100.32054078962159,1.6634141696388407,1.7792547307820166,2.341479300685271,139.31670816759714,298.6467853545828,7.206426124199009,313.7397564715276
109.14416926936076,114.9065791319025,2.54189165308512,2.272232815338641,0.580118238101389,78.52956187282373,398.694121619216,6.15943014637457,340.83377781558386
90.92389111174182,89.24793906686219,2.918901214005244,3.191708765644385,1.0829218269875878,129.75839835099467,425.5475437870043,7.3662285714460936,290.6391283573435
86.40530713490044,80.81894278211317,3.758688860341805,3.968629181462212,0.9150818724114069,113.486764275323,443.58387039136505,7.865133417411922,280.6354963484914
94.05150466014281,92.96997454536807,1.2665054089651357,0.788010986916777,0.9762933073313926,81.40963881418608,483.72491066777906,7.1513305059948395,287.3935836048903
87.97067358348207,84.41570538090386,4.1989260495983585,4.011739423597689,2.3168691037587505,50.18644006561616,293.87586440864675,6.252230644750821,290.5444133769214
120.38793016247038,123.22806783628279,3.424324379858317,3.212295706945615,1.4361381084685803,44.16283464907214,457.55193636546636,7.163443054946954,366.22437940859663
115.8327019539137,112.73442117582489,1.3051141670103215,1.197031340914108,1.4325988258796376,154.72774996683353,239.5060710308621,7.5326944262093045,344.04178502378994
109.48262723352953,104.24018560648062,4.4766419045860415,4.477626902469036,2.0211512849105646,167.7596313122337,411.5122719060778,6.812833073148037,349.1645388447093
116.80455327027764,115.41246452510343,4.609487396150827,4.393560558187547,0.8089844080098516,127.46820701464493,422.5933188541958,7.759675495882936,359.17513353385675
111.64552883501402,108.10550420737549,1.1925526268860345,1.0599398767943924,1.4745307082001016,45.5151172290725,403.3169723603961,7.297365906714729,331.86352773999465
87.90294341474142,84.54796023990949,2.4272400266897582,1.9067191181725152,1.3599704282421194,90.30408253323611,275.6944208405459,7.798497836578405,279.6371584853783
119.32188683912419,119.3036016634324,4.336989008760493,4.266258585052034,1.6938213810933123,139.34088001577356,461.912944104561,7.247010622494674,374.35972165358555
99.12288266366433,99.60300683971184,3.9339426979288015,4.0069076289418835,2.499115406500877,146.9731326015102,250.6575390111185,6.262575944009648,325.73348883337235
113.4036261331812,109.15687325851668,1.8774749583276564,1.5937365667580585,2.0388977881640944,47.73279334366329,216.09043745624925,6.619383422210378,336.26013803424036
114.66363555995764,117.45361025452158,1.7706333953956392,1.8727614677747209,1.2957314060348544,30.004607826807362,415.23949718357363,6.403589896504914,343.3305944517314
92.80637346767901,96.27725146286355,2.7165133386828564,2.372552394248075,2.1551061045480937,136.82055688209076,342.6427145698201,7.817652995433725,311.3697638965483
88.23743256892897,86.55893691310227,3.012020379203704,2.883760918698875,0.8414167266249604,83.48942639793084,454.72940598760283,7.520800134574966,287.46557498261836
89.69070370573738,92.10554955909511,3.451558657320338,3.8077095041808913,0.5609273726179203,68.17219974273904,315.0191423174777,7.352796737820012,288.5169378280815
97.2236211895187,94.81392627934187,2.565197943441145,2.743746768637159,0.9088967449285461,31.934620468428815,250.48357655231385,6.601932639263243,301.39274418287926
108.64102221395996,108.45515863667418,2.535963634118892,2.590222617147072,1.1808231122285193,111.04491101422495,450.9326577409609,6.368089544100427,329.0464657123964
116.6679840283354,118.9332242861202,3.764530258753065,4.155830236110861,1.5211615149191198,157.67261031389728,364.6728894920215,7.512902175977824,365.19921916350506
82.21453776467085,79.31004570472122,0.9079478102825805,1.30901212246071,1.7302582810823997,173.64474694088818,256.75873771710644,6.94831589175816,267.9299558208798
106.91965627301902,99.67739305373749,2.0383363963288246,1.7800951196255594,2.3212114344288435,114.86174259199338,416.11519957593373,6.451579104301258,322.2907927351982
95.77310542109215,100.68102255149833,4.199901343435228,4.017153872289182,1.5197080191009154,107.16919916098412,353.3340915468501,7.233243956330551,313.60037485757795
89.54176340182103,90.55300244703119,5.027087379987324,4.888413734431308,1.5025512892514588,42.758457823386166,381.2938946720959,6.0806677042769035,298.11715105600155
85.54276574447958,86.16227800959214,3.174319988750816,2.8222008072137816,0.6004860196459643,112.33092023138997,338.2695014619745,6.652340508256507,279.3857947203727
98.23696669543554,99.99961389084837,3.228622836050154,2.9449533768584097,0.5698231053124476,86.99686184480919,448.6126951454019,6.9371139891822695,311.17812979632015
117.43050155933992,115.78583346536034,1.0684764985285564,1.6322203387278047,1.6023199238327441,121.07029213253654,448.86881470491494,6.295916668218812,355.0296367522842
93.76518185814122,95.71163766507392,2.6811147073470143,2.8439485294589484,1.376357226496689,88.308952181482,412.8166465473158,7.969308955181679,303.16566318798965
102.57531439888426,100.92266424442589,2.9729123154384447,3.2407643208679975,2.178360789960597,66.04486851755502,231.62041321893867,6.418194729179229,324.7736106042436
108.68058572527619,108.92653519239688,1.8457124948886954,2.037999857819018,0.8213591694236904,44.24479128425648,451.65615857122066,6.260706260086531,326.3337520977553
93.20588325152018,99.13058937440935,2.043344160080566,2.1551121079831526,0.5499433242340992,77.23776668833436,401.3038941598729,6.407069747773793,294.5684374785628
119.45355328753335,120.3947905777073,2.4147185368790653,2.243842226756274,1.3980775358602517,44.49672514316284,409.10724980128987,7.538122266319449,360.85870239877613
121.71878704726376,120.11278003483335,0.684424829035748,1.2897483324351953,0.974957113504515,56.53454262359759,308.8948521211615,6.851011318543685,351.7764394005254
86.99174593478139,93.28881384494397,2.43789871355622,2.5222346608182677,0.5992287466776749,178.10042378693188,463.783866847102,7.130831879505076,290.694327224475
100.28884925813605,98.79508204706677,1.6312434228382173,1.799913879172573,1.949196573695258,96.6155335359928,417.6114800704572,6.042018313972721,312.7045040942075
89.93476994785327,89.51750339065377,2.3578387815338884,2.301294018748886,0.723185999914495,109.78076497575248,233.77713995875834,6.068862617146629,284.3209520465171
94.97875966187323,88.2591921930356,1.8938650612269996,1.1728270267658605,1.7166390000155434,161.0427793105823,322.3334103218488,6.891651099654032,296.2332526008323
76.90591717982998,75.57640812605331,4.378232204642295,4.6649600741631465,1.0620995003337783,179.33533507360318,465.9141085880425,7.633310486403247,271.75466099691835
102.70580781738111,110.55119474901684,2.8683123096669285,3.4887813025590235,0.846992100710044,117.40716740170222,214.1590105092137,7.77047775741513,333.2951494175542
101.23879655434803,96.7975358319894,3.659208432201936,3.703971073178096,1.259503045838635,151.87107315662576,488.42498589261487,6.17341313519128,318.1236687568113
86.75572213770259,81.39538917924226,4.376876881429068,4.381555626403454,2.1028915524459073,79.04115365050129,403.7487704958688,7.076726204202045,284.6728325314223
90.94860778624549,90.3154186697977,3.385438286560348,2.926953349520241,1.2841871538091454,75.86159361709366,389.412793293013,7.826459372558541,295.85447729213695
114.66503685858656,117.25285553209345,1.1017712334592114,1.4606023375284147,2.001539298422111,90.40555814918403,281.16777694639745,6.775945508795773,352.15555950803827
95.22594683500067,92.0296872642968,3.2477660119214953,2.944493299535768,0.7509725935983014,130.87608940104735,274.6375366217531,7.659131662856737,307.5414247801925
81.4517531824002,88.37721534872816,3.254302380727506,3.342654041908669,2.0455428393301585,132.32875338826483,482.6174658465786,6.267391308798873,291.34307407156297
92.98169254124228,97.82887809539571,3.960568225876493,3.946887045156753,0.9738666498132973,77.28591519741762,289.4817362702368,7.870788979335598,309.27268097657173
120.74606151458401,118.92465302306479,3.2555068543221246,2.771699769326906,1.8547862597777456,49.981488620494304,432.6515890156998,7.502846635062605,358.7681154296376
88.17604818740219,90.52995071192491,1.2097271455032244,1.4364158254155832,1.6315631096819927,124.85943846982629,317.93653946212373,7.882668785573803,290.17763630192655
103.821723444843,106.1393485176845,2.1858515554938127,2.1088091040605645,2.3582894344233747,49.24887932831468,241.77622123541119,7.353234467105013,326.114644787433
112.58985395504676,115.28682134120868,2.545867819947627,2.6175386198828416,1.274645035950628,116.77387623439951,203.21458930860769,6.726807863998854,347.8410131030579
90.23690390100958,90.97842661461074,3.800826230314274,3.496316117878761,0.6323303776688809,134.01331920844635,363.2772011045753,7.876362345049445,296.4394447617481
107.4364180522642,111.33328730262383,3.3027098493698266,2.9617977985279116,0.5383109711025058,135.09172445916775,492.7336455646798,6.5511335526183565,341.3871891377416
90.87041211275745,96.69996911477237,2.4859970114922056,2.774303684432469,2.1537171219455065,143.02081659893952,310.74085814276134,6.664345044123465,309.31780457554055
107.90960520858361,108.81265479619915,4.867731281687561,5.222351810910016,1.5494712753228643,160.9289132348497,307.15770019791347,7.40161683600348,348.23312622231055
107.29179196431177,105.88425310654691,3.47692466567657,3.1646467384064247,2.0504881036698985,104.99384879471826,303.22748535483265,7.530632599050772,339.97372205590113
101.13345977165218,97.5404915191228,1.8802687118444958,2.086848727993017,0.9688512000230294,139.53737842943568,356.16315119145753,7.858806967698308,310.4374600768471
89.15150179031933,84.81065465743426,1.531444268452825,1.3065349363713463,1.1901674910264675,122.8759103048755,332.19946502728806,6.409604818112419,280.8615057833678
110.20184552459106,111.45802914219404,1.5375144895286013,1.66413399980354,0.5602077444226379,57.99599096965238,463.9743880181043,7.5959960704384475,328.9258143760604
88.25462708609523,91.24535255362017,2.0592509923184696,2.0426757393407313,2.4229846491482245,33.85344673041123,351.6562375170471,7.477092106793927,287.770429259944
85.38501620635043,89.21983247225944,1.636872930301227,1.5958439329749583,1.8357358134016268,72.68120785154007,352.3273514565706,6.127589112507196,283.28315676113704
81.49424761312407,85.34585487649147,1.9714781463596567,1.5895149630879437,2.366410175518612,96.45505595064292,241.511478416167,6.7744462824204135,273.7579834006307
104.36573607549775,103.69953245773786,2.130101930057691,2.0022724643121363,1.0309928148581446,122.56589166429845,494.8218622731158,6.565530914120197,328.7388916588878
106.37886630012231,108.02907351148819,1.338887887537643,1.5102559980827708,1.7229272224513217,157.4938995754808,274.9918672606489,6.608980848708061,328.73870541558506
81.71967934665714,85.77015799101997,4.839445998648499,4.4206972568596115,1.8569999365852756,59.43685750592485,222.0092202378808,7.9658937591094015,281.7550365498645
96.7291040593999,101.20598187043694,1.1397885224740452,1.3074993246366977,1.1350994005151769,48.83246848477157,398.94387469256264,7.285554826959856,303.10940896120854
93.3911248201373,96.8648803504587,2.9672922905512547,2.9548935604588684,2.19621847003126,174.52199212114914,378.6099110470618,7.435352315586999,316.8473721258896
105.56045808120028,107.50344055327263,2.5224550491499476,2.77799772110117,2.3943229258004957,46.206683906461066,324.5436961978237,7.953235274630019,331.64430608167396
90.32654465496404,81.6923688827322,5.204402086268589,5.226963698701611,2.269710235392009,101.77366051607838,326.6576701642034,6.754403564915277,296.60369972441754
108.66568556323176,109.89753438741225,1.0210207658764703,1.3321449603982007,1.978133951878745,117.83455931899528,435.5191763139294,7.603680336905612,337.5312801542184
96.83967350948284,96.61288900666982,3.2189721029149654,2.639303296290042,1.054929359449908,111.20616313611573,258.7137920298947,6.869061926608991,307.337557233559
119.17850139016599,121.33845781171762,5.089093094914685,4.977818755162062,1.0632320842112635,42.90482355494148,446.0759956834669,7.7390673436299595,371.68226482167023
86.84396344589167,87.52038181964961,4.506676286401753,4.556428957759776,2.426720640892076,38.55403710054291,394.6241341685054,6.361315082622607,295.09939832217117
95.57082232161297,93.22728609005901,4.257309483673862,4.283479337380337,0.5205689918713841,45.82251411915535,325.6909321338573,7.895372354128559,302.52642687802097
88.52639844002086,80.86604614075546,2.0887221231512907,2.1801477918517036,1.932099946484289,117.83815258089187,337.4085849751606,6.437543416821759,277.99775509571907
117.57730824024692,116.36067495928444,1.787774835236131,1.7800001400963947,1.9124923251105244,111.65173314514817,276.99416215582875,6.652441013961863,356.11756479405
117.22058540800478,112.54201277261134,3.803615996887735,3.4270403952322646,1.745379081899595,65.06111880551164,425.63429980909245,7.512384468213561,353.2068176687561
90.04845802574454,88.57609475919205,4.828624849711034,4.891335169388198,2.4802176921737313,125.66612127683874,353.8624226915803,6.787510283130813,303.2269574160697
110.71971348771557,108.16509705462899,3.2449677083067687,3.4045097395090673,1.1237588715274505,153.01012530834743,296.25636282495304,7.2164227535328935,344.90082448058746
110.65971110187083,117.69860152110286,3.246983073818134,3.133793537043883,1.1799437275864963,36.236843976989064,378.81503472828507,6.8891470021388574,343.9772572520446
107.61085376271095,103.39204705344744,2.089661717910434,2.127503941730657,0.6578788058931111,104.71949153220636,498.7203356153969,7.484739874179564,325.270977140265
101.06554928230723,97.59837394813471,4.038990076697211,4.214637531329961,1.385596273087475,133.39656181540354,330.57868389696614,6.4566625047372215,319.2930947145713
85.38176632966392,91.00789964067849,1.9749290136035065,1.706312230314221,1.0220970524696962,67.84678906045306,476.2074202335859,6.116915974473754,284.72543187795657
84.10842395696834,87.31400517217293,2.413428290073147,2.509312555170177,1.1867734043552884,76.16563579397237,303.5050519773698,6.599858794946132,274.8905165549741
113.84547534570842,114.05928160517492,2.1136680275328112,3.1745202533895394,2.169143580511255,122.04568544840757,216.41981207749578,6.9486173297368605,355.3293646529349
118.53865293349939,115.61467078651447,3.1616216700437723,2.8732443082108237,2.3709690270549917,164.69029401656053,261.2726319105287,6.336040104385357,370.45936700828986
103.36618635302355,105.36812287511832,2.008586168604076,1.693430009029566,0.8714661440103713,151.48866304543492,325.60854299830527,6.709594579312777,322.64970590212374
92.22264134230369,91.20649670270132,1.4556055476676346,1.5201110180777893,1.2450178631069317,117.46953286493752,265.8904785783707,6.799966036587137,294.2464566605253
88.29976079166984,95.91322428603802,3.364776479148753,3.586792670791759,2.357261124230788,139.5332576635874,200.06811146547665,6.114783687376547,304.2201358339701
107.68130819706235,108.67538270898623,2.3793447569582256,2.1083489381920693,0.6236169213784453,84.72337053116979,474.5004613242582,7.166614496368409,332.8557238244924
108.61277241821621,117.14300772982416,3.514458178115021,3.615605018354656,0.684721056222757,126.14482921481365,453.1638233692787,7.768686855942575,348.7247019837839
110.73174850014752,112.82098043719839,1.4628753275320874,1.3497297011521594,0.8255819784124587,99.92723866913354,422.6876694460841,6.303485825906105,334.22133954387
113.47626580273784,109.88264693333473,3.0059708648441767,3.063144132025592,1.6904256682537495,58.49042046863414,250.34437869380858,7.1956160268030285,342.40274193850377
108.03866632212402,107.84840991965483,2.936026383298086,3.0091855660545646,0.8009445420119949,135.26074108158858,236.10907286299582,7.329478409821693,338.20725519360514
84.64197128515686,82.24709914352665,0.9313705143319215,1.551169728531167,2.436152762901467,113.4696956023233,220.28142484171494,6.838669360838576,274.73693858728825
83.56422013439692,91.64604011748477,2.2210736678576892,2.744920183409306,1.3934290545170407,83.79323729303871,417.2087566318763,7.40219517472854,281.60683119255197
115.79903347265723,114.74325898423936,1.7101374022324487,1.3843273901992275,1.5030359207003328,166.7008785117946,478.6423882063656,6.821463086982024,353.02632062483326
104.24635476911189,104.93121656363925,1.4441248909662883,1.1435884547093549,0.993317231610813,33.14011767400999,329.16074627391106,7.00927457595487,310.27542152431755
76.89278799708755,83.16565456028445,5.062458013579239,5.131758506955741,1.441920504869467,77.3659726874244,235.74220159881446,6.014706089108854,281.31907617308315
88.56905661994273,79.80376451584219,2.4344345372684915,2.2119892499409888,1.823827265274023,38.532209666646985,353.71784621963195,7.383440228269378,271.84276226341854
109.17215763604923,101.2576443283799,4.34273344084153,4.230415539832092,2.0023542739080855,144.97909743324408,304.64957223758904,7.322685357889449,343.76700984140336
79.53957083235974,75.62549441013846,1.890266300010465,2.0236403031635373,2.007736165419826,135.3161181170689,312.4474773049993,6.076801754652689,265.5182720247538
86.51297957368354,90.22007436698149,3.8123953978305054,3.3420762576561858,1.6557822253881767,79.70283281044755,386.3991872467122,6.736500214790266,288.0901436401021
102.5744999985061,100.2937771369861,4.200993344604282,4.0381438903398985,2.3087195499877144,131.34943533106096,415.6154339786607,7.958063681583335,331.9538954812643
101.55060330243487,115.35040576471249,3.533413228394092,3.244609407618542,2.134815694612219,89.39058392939248,233.18107966194825,6.841473125137234,344.0145896779469
105.33691823254223,104.38570758413185,3.124087428495562,2.787680189720679,2.014096229397251,143.43806871336514,210.67706924194292,7.003890810263684,334.47142885523795
86.924819634429,89.5244262880135,2.789024426029287,2.936090057282837,0.6112110433609212,98.1275494105059,498.29909080571446,7.819860316319437,287.67492208075345
105.48230882421669,113.11349871160506,2.4657627076802977,2.14417168731613,0.5137559244392986,91.84195917474983,269.8185046746655,7.434523751731513,334.515520367501
88.64666262121413,95.50824216434937,4.932146624654589,4.880757614340898,0.9248945543909459,170.20948732324516,216.14915747253772,7.164140262248447,311.6096705424565
98.40904750691928,99.2004986562799,4.317173379301105,4.266685045084555,1.8270471878269046,67.63186498360503,256.962598728776,7.595609362682145,317.46598706561423
111.78218478852199,113.48475489650039,4.683732712420507,4.804155608966884,1.3223949777650916,48.067100999484815,211.68735390453926,7.7287325329119465,346.5139198902414
104.27177899254019,109.05750353932298,1.464575501153426,1.6552632731525212,1.3048125185986235,117.68146698891873,317.5432683851515,6.913776143474534,326.332633722866
115.6866847638356,115.74651726737066,3.7744893718532873,3.991480159728355,2.2691737764592275,175.39827184262683,440.72053533539724,6.950216729863671,369.2182349523172
110.50258200177174,108.63959892051365,4.618326172289275,4.8674844267280575,2.2911256962636775,86.67588205907799,302.3733349273162,6.772101871303672,351.96929749141884
105.50624518215717,101.07878698443326,1.696028530519537,1.918569196769213,2.3183505281071715,39.30551454431723,333.25502206350995,7.933412280036921,313.35271364428587
83.92588182288422,81.29239406285677,1.1075010852671177,1.1997233928304454,1.1277561530300546,80.89579009643512,402.6760320702316,7.394332508580701,264.96248438711416
92.76782178926062,94.69850875014448,3.902890291232428,3.8420352502586863,1.8821116254785235,105.88974814793377,352.6682210209641,6.166446132416144,308.80545338546517
92.70276464810979,90.09754083969423,2.9191695193288902,3.080862347408088,1.0432663625487393,54.288450994832054,458.43370580639726,7.725919246626037,290.08720544222246
90.94004189142859,88.39990158718152,4.409973848507676,4.202233001037297,0.8812196661488996,128.7153327084738,459.81070251372694,6.961119881672536,301.00949233789214
121.60600185018102,121.00958453246797,1.5593306015776027,2.148908391566903,0.8692649146947384,179.6624083515301,202.9732086473461,6.137507812844975,368.5398391098165
97.62942439171631,98.58982461238195,4.017651521225923,4.430005163586919,1.184215241727188,97.76092139721658,433.41389194495974,7.099434510326622,320.03093781919955
118.83052035304254,115.94708286596008,1.9383584138774592,1.5362944069493738,1.3599152395596434,83.2092835095319,338.2200800725021,6.834328557951404,351.49086682196685
103.63983940520882,109.6781352830563,1.8421377989881298,1.390132180114104,2.1618983421101365,90.10562502516999,496.6521623910989,7.75549880972525,333.27648377420763
115.74463433856891,108.36738479926542,1.3355512188501768,1.75343640406767,0.7397821869454242,47.27192675928017,344.96962276263054,6.407989207218774,337.498262470289
100.69828253828489,99.52450534636853,4.105753925212285,4.367751840401121,1.9698516947897884,162.49104021393356,496.06878361648927,7.652929218984366,333.9979790316926
109.30193800293016,100.92568842324594,3.506960412827341,3.7705656498482734,1.5629098283786107,92.22384832820279,426.37080836172095,7.115377382370905,328.74423606462557
97.63314429848585,94.10109790153537,2.904281078854704,3.041270540365738,1.075890685351985,88.0911617137262,274.5814653839919,6.109220606426938,303.6379120096972
93.01761092141753,87.56167745439369,2.6012169048803595,2.41023108449343,1.4856391690656492,128.95354093957116,361.51849378608733,7.943690602650969,293.4270270338655
109.49181696084815,108.53284208531036,4.470036935497872,4.574378068084305,1.0998841395540453,96.30501313966853,497.6406918435748,7.0252304882064,344.3900062167273
89.2766404867909,95.77124372736063,2.5168774614284195,2.5869590309492074,1.692163910476612,127.2350203211769,457.2591823255771,6.5817537084631645,302.96381588485787
79.5209811550952,82.86507371092249,3.865625285004957,3.822537683336801,1.3676878457104884,39.21694351961813,229.21006813736633,6.938813683978516,267.6987084639494
104.85784991170375,102.74633136329909,2.883623240322719,2.710579708165835,0.8288110581577575,152.05850155833411,411.91159904299883,7.715715567034978,326.8256743841868
88.35692501548772,92.64670487528453,2.2599260387289357,2.3374964308475676,0.7331661491113934,171.0755929319104,303.67387576124395,6.609806248770127,287.6912969917211
119.18684983822307,121.28144446069263,2.8627056687316914,2.885761426460128,1.5933913641442603,127.31480792390789,202.09467856410444,6.385352792973401,372.53686382112204
116.43604306828776,119.90343619050934,2.2609868842482066,2.8025632971772505,2.3048260665722067,173.1848893288216,321.0442907080999,6.258142493861763,367.57627423054413
116.52151183203499,115.91512331226843,4.262569239872735,4.063933853799865,1.187915373115371,52.714847155494496,270.42632651749136,6.595718796780423,355.90132481805915
101.23315908605336,91.92803030004734,2.749117480546094,2.948175623135437,1.9660002144452464,101.61242842205306,445.66078115614147,7.560096174080087,310.21805967471016
85.80089417145683,79.50164433294154,1.3249483494231042,2.11321108098272,1.817322709879534,120.27101009181709,301.1991826537296,6.943252730390523,277.385742147873
118.44171351253111,120.39898836262157,4.6350682020490135,4.694835870540117,2.363109828618962,117.260497113178,448.25710818614516,6.45496320738708,367.95251998331844
97.24137636719718,102.7811248504964,2.8956671217950163,2.619583783583214,2.141962034598282,90.2192668633565,200.1793816504386,6.332369999219498,318.935023767071
119.02628674190157,123.29592334656336,3.4220007150438416,3.2955815630990886,1.633210517810926,80.71266140493921,292.3457450078357,6.665458953020758,368.5274258914005
120.38535300176136,117.07825081821129,4.667820326913112,5.037197156824096,1.8140609964682146,49.023603382562825,272.3495642923286,7.879848745771418,365.9976436416127
111.0520005230992,110.76152591882737,3.398624746529559,3.270774296590785,2.2967729331680697,88.76136758434173,270.0702083205833,6.686053425180049,353.2784835260472
91.0058260705134,92.20061442351704,1.6290166821609184,1.5623185781957472,1.2990375691738696,54.39912226582277,220.4559859296388,7.976248151909271,284.4155283641177
90.39815692244423,90.09859104738845,4.564619254513007,4.574052268457592,1.1535894117155547,140.15485147383276,256.1372811231505,6.970460911530712,304.1691643179318
115.24313622849012,115.01497000322863,3.6061037661569153,3.621934741554121,0.5216221672703927,61.32464032418849,366.66487096568596,6.358327836580302,349.34864492188984
94.61846802535932,92.23407244735509,2.44071649046167,2.1558851563311254,2.1531021483829287,38.78479579268008,287.40832185132336,7.782280183587019,301.06910402377844
85.33015048054558,85.38160036183898,1.769130272153325,1.4736149279325321,2.1019614008067298,112.85492067258515,325.2184346987444,6.920710746269654,278.8762248145411
106.99401078820411,97.48794129653362,4.728032764863399,4.1170827742336025,0.7089090362003028,119.28445990791025,313.06006410415654,7.419342687009049,323.95696885614234
113.76889397742421,118.98699128614038,3.5587742171498076,3.675454367582996,1.6537147622654005,160.7869591920758,462.7714774999684,7.967423166418303,368.19525975486846
103.44806722636945,106.24308934801317,3.0320516427637862,3.317535256693769,1.4279633963337748,116.54724186265229,471.5896997031546,6.100350700639948,332.0681219438456
103.47580225925451,99.29269629644374,4.570455469765432,4.326426856914554,0.7374181910182229,81.82212805851685,347.887091496758,6.1933891195751345,316.71401207994
87.02835465866721,75.2702731109858,3.800573663920299,4.165375667098092,2.461136454121447,150.45178222894808,299.04678509468135,7.440913482925512,283.4141617911537
109.6520721423404,104.51774435281489,1.467756892713193,1.4647835479811702,0.9293917749267109,111.04183397811316,232.04021120070908,6.563650006590944,327.55831423000194
118.22550121556371,124.91890879417976,2.1650317835595723,1.995187289047126,0.6344683601811223,41.892042694678764,486.0208638146285,6.368602793900198,359.13072803802527
88.83940310975485,90.58713825310457,1.8891388796709445,1.9505531491729888,1.6896947590038192,114.877584046987,218.06808347008922,6.078723759639459,288.5922222523183
100.61766068604734,99.36189732479065,4.006256144697453,3.914088612599544,1.9777333542660653,166.20278181324935,289.29508327048416,6.043693423972403,320.2582804745391
114.57704097729577,113.28828669603288,0.9696457524666774,1.619473036212222,0.5648868920943739,89.44689382473308,289.41986035100126,7.548971206239582,340.16648630901375
112.2817245226282,111.03706747839324,3.5037648729501605,3.3661507045574055,1.8174352774540443,74.44887028497001,296.1203858420645,6.2688668547391,343.10450549647675
109.83759827505098,104.88547332224584,4.049876155946402,3.7743112428119145,1.5645837519029089,51.520418552703006,249.28605298172278,6.935441231942302,329.2085965636364
103.37018688853162,109.00473905894277,4.505202482819275,4.394107746212809,0.7065300177500968,52.716828290303596,434.94842927710914,7.211793630358966,321.9015501720557
98.80926709796789,96.67788688394428,2.3027480515610463,2.5726036539495096,0.8450477538927241,94.91572265127283,236.74935858979677,6.856703601137692,308.59572735147435
95.88394783302209,95.42447344223265,4.316067355459848,4.702717773262036,1.635948594632161,119.35197362422943,390.47199774594884,6.054213304672466,315.7214290020635
110.49775811461195,112.07398398970068,1.6075466007543557,1.1253302853732372,1.0927152270265768,42.09231077544026,237.15380801174524,7.567003005175818,330.7058361524617
113.59194638747947,111.79351453663634,4.212383123795893,4.009824289910263,2.376631457302632,170.93528835377487,221.16069127788697,6.0210264490833065,366.63202138005465
116.16498330205236,112.04894498293447,1.3783313515128783,1.8841476844022862,2.137480458968102,143.2700426167794,472.82885110576296,7.523779788754968,354.4426517670666
117.31164339973057,114.04898104013928,2.528403956486136,2.6670719977156496,2.467134413027326,117.9935877425494,257.03862989561173,7.786608987576246,364.6477604489537
98.80278049290125,99.77425927873293,3.9200072784235713,4.015522916742941,1.019341677900828,154.26580064084862,446.3750463679113,6.865679842114345,317.4232741405651
98.04578168367382,101.16274830793652,1.4358181374507955,1.7065955266195822,2.439447265595954,42.028013521816995,363.38926133214073,7.0710849461955965,310.7908888559365
111.85514494569667,114.67256103737076,1.821761406221634,1.3898560331271903,1.3624677395831157,101.52583165996866,223.35695588263087,6.953966785235307,338.3407471642476
109.5167442888887,103.58902037906958,4.063888109714811,3.8896853748916973,1.1950375906275092,124.51396902924951,486.63445743142023,6.778417237246877,336.88222305067404
109.70947555409144,112.5567407971867,3.9326584119846824,3.9457103807529146,0.6006990539387065,154.2979359177434,274.08835009756774,7.7748490707407205,347.077679788822
110.71986378118572,111.01833597431633,3.603308513814698,3.7494445594487553,0.6055305157192052,147.52043400739015,457.89360360578195,7.787867021339981,347.5004740641058
117.91530980464769,115.53611178965734,3.9459733703019944,3.5730145874098924,1.8840225118933094,71.56038745700994,250.64300173536924,6.671632729283069,360.4613170280428
84.97417841217121,91.27817123661796,3.1434234157105054,3.1880352056710564,1.4158579888680558,171.13202543388064,456.18286464255584,7.230139508029396,296.80581021520067
98.46961520671407,87.75059732477892,2.0852892056135888,1.8221113104158935,0.9530432520722114,48.65187621463055,203.9686438715882,7.853815124291728,292.0467428267987
78.54013625730046,86.41141378271791,2.3621396234291785,2.433860725150541,1.7279406126504653,161.27004279317282,353.5341369708442,7.924116997882703,285.53995326403714
102.04388281563757,105.34173733112426,1.7794633370856283,1.5473216027330978,1.0057162365002223,175.64103744069277,430.832773826467,7.017918080844095,323.6502882676497
78.07868126799126,80.59370828051505,4.517250513812196,4.552182077502469,1.6552635086888452,56.573028483393834,480.438655247835,6.905649610568654,268.5248243609535
94.73987629813568,98.82489287697302,2.845803747409196,3.134404100106436,1.2184174939653807,138.3099096305678,472.7606408619461,6.557388631857052,312.1332697913832
105.18826575043863,103.25360304141537,2.576549834617299,2.733632915419291,2.147104453223638,36.04282781669977,445.8874608642935,7.91774374638082,321.9627164603336
90.0585464811957,86.77401251447175,3.132572841796519,3.0197134379078636,2.1413923215335586,90.81342377087324,466.45740489839125,6.285628608945735,296.92156116885695
104.67284206795257,102.04617239072154,4.974376438895579,4.742209244455778,1.4547007962448026,107.44249487965111,259.76590575112294,7.1596591520954505,332.515238171872
81.07924826092442,83.60280403642746,1.806485109382555,1.6210532114563265,1.2016382186700312,117.09678388644511,285.2552887135186,6.565100535037278,268.15274409914383
82.92505003163794,77.73105928046083,3.5921454724284327,3.05520104514048,1.225119593118189,170.39058723728394,286.69055747631757,6.558016580695593,274.4249219907766
113.1344880995671,113.78469622288623,3.0412862337301516,2.9636193859365063,2.1114290513364358,130.8376030941292,313.11617930050966,6.809937174752377,357.4922382009047
90.55864898388481,90.3378802425803,3.4852800832197106,3.4357760183302424,1.156358965595224,102.19169268288555,317.99620111555663,7.997585871631309,294.40183656777054
88.07122096441681,86.48171045337597,0.948910356196492,1.5965993534893572,0.918118747413692,151.4512554398834,363.36659739640265,6.109932613679645,279.33623083259096
99.40846065270823,100.78280595529972,4.425281064571196,4.266102230621773,0.6693766837506137,172.57992314316135,247.96392900993243,7.157083636407063,329.7616195430721
106.12999642796518,105.95434667622791,4.8516273598886785,5.0213085776849375,1.4333862417688168,33.30992230234363,407.3739991357968,6.165144316070554,331.5102990712253
87.348495616976,92.12705916324525,3.501309621790599,3.4599044890499973,1.4642641978396838,177.3781908384058,250.26996179135193,6.3090416599810375,300.91136843631654
109.41789840466294,102.71184430236586,3.7587140403713692,3.842730576405596,2.1818174208058143,42.91982085955205,293.09254463136426,6.879125883545798,336.0581717096124
85.96456382609121,80.98314128870759,4.5999596717389,5.041721621548209,0.942477392892128,152.1580168903142,351.00353918184624,7.020920262692883,281.61163170876733
81.02131244352074,82.66897643843714,3.829060129024914,3.903375631774967,1.2619825473367998,72.05021288271188,438.9321684570432,6.517584816729048,275.407929451468
100.20641214977063,104.70009731101206,1.7303975214428684,1.687988010790631,2.116811477787382,49.82694866308076,421.8407699716182,6.632914261748832,314.1294726729483
100.6604997107521,98.57793940746907,3.016382477440544,3.294529310063744,2.1472472214979472,95.97834595707523,393.66030692315667,6.173934040511866,322.59080264343174
111.72744001061078,105.68223560947217,2.9676239949039758,3.671573962015149,1.2692221519575364,126.59348691714203,246.73197817405105,6.606439567688501,337.75564333533987
110.18945970560112,110.33010284989818,2.5864153153112275,2.915816531971721,1.4182480465733618,87.14277675352125,364.1136036846733,7.933116878761088,341.76890822986013
120.3242081200746,121.11340000029082,3.7016344573160596,3.8206414849996486,1.1065717816985658,38.18481124240485,226.23395053996563,7.889414763344964,366.67482463583923
103.74286429414333,101.18133859787949,4.635840019546597,4.473618620156306,2.365109756838624,119.91917094880749,313.2089530389952,6.66975658027397,338.1313527868294
93.63462639472938,91.81717540039988,4.672717987863611,4.661677924147974,0.7372875314831606,165.3604914166012,324.05495908698776,7.141707872557523,308.88018089363646
111.03032135328603,109.32467712880198,2.712707803811926,2.643349772736999,2.36749884600294,87.48230489208775,211.94343183372615,7.819190782221889,343.2802891241961
90.24424050322804,91.0917216996221,1.74344569025717,1.44024726843995,1.8677329036706865,62.449916644624054,282.1964298409915,6.012367645281794,286.5759396817332
97.34405304998326,94.34243979226862,5.0047137487698015,5.186852422786166,1.5631443053734624,96.3866018899223,486.6948401799468,7.621367140675184,320.3466775043266
83.02658854416111,74.37420380320683,4.415687217705902,4.264132014766378,0.5653181215689917,37.25440665731713,486.08978234890685,7.896739105577838,259.9490467617134
83.19691836752924,82.3237091490913,1.6230921536217477,1.4900860485507523,1.4511923836440166,153.07313767204124,305.6981162757618,6.182651468667114,271.241724135563
118.6617742445389,121.21774111037558,4.455600906913335,4.694972077431168,1.3154962100054646,153.951121642528,212.9300326844972,6.322895372065842,377.0462419811144
115.63712505213498,106.35040751386273,4.687407805732567,4.64927162468957,0.8224376239502451,118.20006951444427,253.72848179845448,7.921492605542711,346.2381812113888
107.59681850342218,104.80977612961811,3.0601993711971964,2.6259743617073674,1.8128192070013138,82.96543334075842,317.66533803006206,7.075080287280692,329.11140123532635
96.59402334751907,98.21558055958639,3.4991978664279593,3.2437616840266577,2.4423018147365716,149.9675046668675,484.33390939076895,6.028393268943447,317.13554044995874
80.93717074923751,93.10425921196892,2.3816393688724897,2.6382675539364158,1.6243776221290502,113.20305371825508,242.3597190611555,6.515263997527058,284.61893268878964
89.00646473095088,86.31986282986966,0.9082948020849124,1.4590623465734975,1.9295065528878916,153.88984628250245,429.0547531004637,6.899887348537719,286.8368827656517
91.04918135427779,87.8257071028964,2.5043668981886094,2.2424084770823627,0.6369009051320336,124.7188188874531,232.60476181240762,7.385817822049535,288.0347021187895
104.96309691782378,101.4203772649303,4.286695699611549,3.836103253183671,1.3353339916339895,147.66082098191958,494.37727321738305,7.466320756273599,335.2492212945173
99.89507077342142,112.70846616544705,0.8381177811469094,1.1424703812116386,0.7327169703289917,119.78444898266399,314.48494973274046,7.990843025850912,323.9124551926147
112.67301918305144,104.47000253133565,2.160064070509638,2.206924208999451,1.7255916710730208,92.12116023234992,432.5703616697168,6.575022398767518,334.73063713157626
90.77858699337219,88.79977985788695,2.817761731246727,2.354741442545701,2.3769643164283094,173.69187898892062,302.77732484333956,7.076440203736951,301.02463144121185
121.51915967674032,116.74638065998167,2.911700033178226,3.024713333809047,1.823555464943277,111.1670737318267,388.3006631476426,7.06664709571921,367.333090768049
106.39615888645415,106.6558908430546,5.007957056302235,4.642517394119872,0.6536060966288431,120.76342778108076,257.604825422011,6.8112905188944755,341.7102237706711
104.01248381564373,102.54217304844042,2.2052598305342714,2.2644350445562025,1.2093324099701657,63.07314591221239,243.80630578908875,6.338323787684841,318.27643430835934
101.30858315985311,109.34286522478277,2.5154911927065875,1.946699596165097,1.601326758881703,123.84761841409147,481.4192418704394,7.9549131263676855,328.213170344211
94.91269561502419,97.75324031645968,3.8842812972891965,4.12941823181642,1.3064155122665044,115.74114742244157,475.29418337133006,7.706634373333172,310.03929352786315
95.65133364164666,89.15217907366744,2.9295092497756974,3.063846771814973,2.1672880209503447,57.72575969205374,466.2406820638647,6.996666056588475,294.8698123884376
93.66685994376043,93.36347333930384,1.7895964913370894,2.028723690027829,2.1293420094199784,38.93806460297156,387.630035049978,7.20649084536806,297.8336045338751
110.96614303811393,105.6242719924848,2.777199483316315,2.58222093044581,1.7236620402064429,120.65389795721566,442.48046336488346,6.454522107119325,340.63189647277085
83.1859427372565,83.22506887663171,1.5716119165983438,1.523129774729696,1.2469158902654105,144.55384040254808,220.71108107341246,7.087574140783493,275.4136745781729
86.12995128419446,84.40939402923824,1.5051104548685987,1.7042436829790015,1.0106727475264883,108.51020563830123,300.43671256720376,7.389940266242951,274.4141245014548
82.29136239630084,81.29866594009823,3.141635960041944,3.113229968870301,0.7117486364262586,64.01589379794686,294.11093742714684,7.030334056773178,271.71858478514565
82.72403510015748,91.20847479629339,2.573059084723875,2.8093698957618076,1.209795366973108,129.97829650395522,390.693596585784,7.980570341169883,284.47875490813993
121.4286701161551,115.11468208553734,4.613663621204396,4.512548844516701,1.326345034415439,42.01585899144034,306.78733204119214,7.222683312495453,364.96324917648724
107.9734579841002,105.8909412249154,2.25070572154483,2.4659747077492447,1.8516458502081472,96.2750557202932,244.55203449310426,6.741947425184338,332.91464493310235
99.5702503036379,97.68788037487637,2.8098866693531117,3.413809482035222,1.816319648595147,54.50501375976303,378.9401226240631,7.5443040552316765,310.7740961667126
87.06532961406289,87.35870355363032,3.4908515991580877,3.820221616107475,0.6402162792825139,57.6688576589825,444.3151762007244,6.340925023163284,283.5231671628474
102.98121280354725,100.0044462362866,1.5349009106759177,1.1932791343182791,1.2905186308623156,60.34409237373055,314.6370483379919,6.769031627412533,311.54817983805106
102.49996174790377,94.62403689627052,3.811070345646447,3.811960825541946,0.8635577344347238,88.00605855659668,239.68061452954453,6.693917900755172,314.22405234988804
88.84426546248817,89.68576160012621,1.7082917915321267,1.728909193064878,0.8136254106336114,37.67253084305965,259.0064591938469,6.8636141902155545,278.4361992311127
93.92505123132747,95.34963371290195,4.791703104036166,5.1263730989185206,2.154604299474492,89.66901613936473,271.2449915508152,7.563559651857453,314.7986378823558
100.84048397279822,101.56008270454757,1.5991440895748612,1.6766034702043513,0.5838304334325151,106.75611706720512,289.9692778983609,6.9683460643268145,318.0569326435236
101.19496774303259,107.8741481192326,2.767920317943137,2.486278912873381,1.3383657518042427,102.49414274494877,392.83852115189273,7.588028900531926,329.835467610557
106.31165243042285,104.0617803477295,1.1052361092528065,1.6220726663396137,0.8364073115330364,87.41761506045609,380.28364536131573,7.152977806279732,321.2466633324259
79.54933284082371,85.65520947608712,5.210361346317564,5.127077661891595,2.2586604313569483,155.87199121061286,408.82395847011173,6.6841388693151105,293.0187877249553
94.79208954527986,95.18807111664105,3.151856304413219,2.920171237099274,1.6140810265500702,51.79900386307561,308.75059535945394,7.6199574873669444,305.35604492091653
106.02068385947989,107.5927176539361,3.525177214421762,3.2856414758003263,0.962761272753696,105.85451156720609,447.1992955639935,6.476579341106183,334.7938708148627
101.08952198955433,101.57964879508694,1.3560010573156553,1.3276210185818622,1.5048545743327528,39.30621254348314,261.2262983467281,6.448765959599591,309.317633226829
115.52535591023873,111.72052368256026,4.003765213135509,4.092478840650228,1.9629727194062316,40.67335183168646,340.7122242554462,7.0090058481096715,351.0455823866985
111.18887907193374,104.41709576780542,1.974194619575707,1.8790808255085842,2.4162360178388678,116.07987745156444,440.2816164624291,6.521698491924178,337.55853897018704
87.87797998779912,89.60725953600067,4.7105799845111305,4.654478892451432,0.9408920084908379,114.90276373317315,254.0475943197858,6.018174069902432,286.09780911595874
82.09027999014525,81.81842389969758,1.749750419739824,2.160550036843305,2.27236354425869,161.70502692666855,232.9589341222349,7.296595054597603,279.44106797429754
108.5890326331177,104.48582573852663,1.648030528075286,1.9770595131016435,2.3686082283349803,113.68105134901097,465.10519030639693,7.022187642944796,332.4121071375917
84.6288638884388,78.19508468361681,1.1665699304447767,1.1843257896453845,2.3328410890641322,173.96865306072752,302.8788988277588,6.891035628986322,280.45023741167455
99.74819980552755,104.7018204477189,3.1980718107390347,3.0765298965934935,1.7708287137238197,37.30422725998947,405.1610374727096,7.933937029236631,319.78574168041433
119.40140986654788,123.79678441472774,3.0115431179196857,3.0528597523449577,1.7596413088694154,44.70115271711116,207.60458127918153,7.142398367925828,362.77404738117116
105.12248534196786,99.81636837227235,0.9693295045629214,1.3424199677027713,1.3064212663676456,36.60987923555721,407.0140665228349,7.726863155578769,309.86137960991806
94.6341065381809,95.59945541827915,4.135062635027345,4.463971736726664,2.004795764607576,57.791527550031006,294.8303934640912,6.278900472410321,306.98728086311297
109.85864917762899,109.96819040394043,2.823332879363314,2.7695461599136357,1.5625880367018639,111.19051664125172,216.72225607623253,7.138412926258855,343.10636933838407
97.87994885856308,98.09119144592351,3.1322294101844017,2.928034291586503,1.854876142456589,126.8358272141142,382.9438284644351,7.735959253461806,317.5799847513562
102.20140093305203,103.1817869613866,2.8118416273346125,2.6326332100343004,1.356915807697591,36.83777369230032,272.241144821952,7.166211514559796,319.95389497526094
117.13937687820939,114.47141176662036,2.558411792574343,2.3851256360328263,1.9629929280862781,171.8956334768399,316.042172615564,7.436028356254003,359.0139911745049
95.49084265477538,96.72902680365392,3.536534012953288,3.081608943607331,2.148943035209098,156.32480649755718,224.17424368595408,6.744087135624415,317.25285324777093
115.15879729227098,117.88618975794293,1.300780188027547,1.5468593640048443,0.7928725132056322,74.49187232356397,244.1489753284836,6.184899034074133,341.17791052995483
111.89387303045967,119.17121566528213,1.5620131170250353,1.4465991181453561,2.165859431148456,41.5781295339702,289.39317064875314,6.915800590254143,349.555362769465
92.61516058124677,91.39380354626611,4.42649153202426,4.45026615084399,1.5805930635806145,55.48306098285859,226.92785016804714,6.7889587816777155,302.4624960566041
80.23356799005164,90.54314296106246,4.455824086303697,4.96491728329186,2.189331818180449,49.0416620632459,473.2478794058946,7.734120364757895,290.13094299957265
81.05694300672815,85.77001957473779,2.4580663842325974,2.3116860290896275,1.3626034126820292,48.49256689484203,201.81411295519354,6.487990604704945,270.42913943347185
74.26870268525084,81.70626197580849,2.4152727257198188,2.3868354773025686,1.25808097076607,107.78425329986008,345.1580656592934,7.933468455070216,262.9316377895015
81.86083318716862,84.36087133496913,3.5801754706152553,3.678156590661582,2.330121465034445,66.87711637401004,236.97423743976543,7.916276239608992,285.79650350913784
103.35100155643178,106.26077205822222,2.6810768655361223,2.841052801517197,1.0023385350968026,83.72095747937166,292.30372684338454,6.495263286142878,323.43247417439915
87.77359141881826,83.86299746879423,0.8495124696068634,0.9699785118709521,2.188424650572286,178.42580000764838,477.81786794547963,6.6961039109546405,285.2350114326942
95.78847647977835,91.87282098133336,1.501338107856866,1.7955154348780846,1.4680411450188082,132.6471373388017,248.50836598219604,7.79111148174777,296.48086185345795
111.730561403245,114.30039536758702,3.788849639324803,3.6455021353105277,1.5281908851025194,172.3471000570502,489.7496959154998,7.933244441792215,354.9297912195507
87.68818484546597,84.88367003625692,3.5721527482893585,3.8137452678079073,1.116936562978968,51.38348325496734,261.7383130968265,6.8868782056720885,281.8468232448342
115.52403576453221,109.5591116077185,1.3647127290146877,1.1427518379726402,1.6460844012380313,87.32092122488538,422.46983254004886,6.641994091281796,343.6426023249622
90.29969684041012,94.69382667432313,1.9994268598768228,1.9985388917287545,1.1504223925524226,113.20977049235314,364.0031794691935,7.052188026503084,294.02821085028665
77.22837596024553,88.67793830688585,1.7020075949648792,1.6891802652273151,0.5785388284833046,41.5137092833107,465.34361827902774,7.375538412731469,261.37599413808704
114.74231433233825,107.51528103359279,3.7368719300813145,3.5085570059395925,1.043997210688712,30.62811654419368,366.19797665093927,6.54694903074996,337.649551954625
100.98899647090457,98.79214917416957,1.1784865007168137,1.1982877946681336,0.5127580868131814,130.56515006953762,360.3677657468926,7.472946349238145,305.89565579195477
110.16268430021144,113.2754145797988,1.6444641356425487,1.2267647270934552,2.456709574113713,126.2729275202153,258.63740011051993,6.103314714229282,347.13847282079655
112.47055304818436,113.29382539183877,4.515772478806433,4.2923055999125825,2.431494419639495,91.61832149994177,249.8688086154976,6.098588985528833,353.5285751681227
119.45849443441175,112.07063302849728,1.5111598098517607,1.4407510869252853,1.29031059494461,103.4466114048049,474.9467453346543,6.772575410291091,352.30887536615256
95.43420135838382,88.28347620596753,3.448812929165431,3.7806192739408324,1.956741708679292,92.31645008881344,298.3514596550102,6.706946384121441,300.0928351395473
88.78930911134599,85.58325698750426,1.701215552403983,1.7062264612332043,1.19161219682085,33.60075672673333,311.6246764888688,6.631266430734304,276.873795324452
111.80885309063018,112.54645014514799,1.3509615992159845,1.5082255585732853,1.842186314171952,80.30574093261936,427.9470975285165,6.98203952533782,336.7701332518001
114.83363624703149,113.91359027529471,2.065960438887083,2.0978149507270167,2.110860086091958,56.56233830959347,301.6470447268422,6.641467164623142,349.9100304928856
121.89699144938724,118.90340938251786,4.086534630740457,3.7497133637367215,2.3935124893844817,44.763628365205314,485.6187339917008,6.384515836936184,372.1974635268228
97.34828134836519,95.40423384101301,4.407595667696638,4.539191185842088,1.300424551699344,173.50806508340247,421.37833069964006,6.618939098177202,320.73196611551793
95.19332674356696,93.70544898457986,4.256909953616997,4.372967910934678,2.0665959659120956,119.90395875632484,379.228772772026,7.94980854562047,310.88029756754656
110.8687390459813,108.28928787618436,2.6190857169235673,2.4809657472352717,1.0318569012642376,139.2984426354904,464.26854816342575,6.822226833989697,340.2415397208711
91.37024784352069,98.47826867852903,3.50531196595658,3.470629609467343,2.480664607587297,77.30456148991763,214.88177250484483,6.889425553716672,306.8086223802343
116.38826779354225,116.26333161650857,2.2378449260022384,1.427412043328768,0.5515391975287023,88.97206942410227,277.1188076567626,7.15308997990228,345.62960500700603
109.25763963113432,117.98798563619697,1.8510587156204412,2.242520930503992,1.707057613002242,65.53859908450852,339.510900266273,7.966681536828453,347.74852490768427
96.86474221461648,101.72370925076808,4.622291389863625,4.272382719812068,1.8190119633026542,44.544850644813714,268.09356184145634,6.483202552871526,321.14424362712344
107.06906939020713,113.02977540610377,1.456728937888872,1.0710765339312058,1.8760911141482577,56.854745616237565,423.17155619064556,7.362564221064868,333.1486087468748
106.87094701173999,108.88685402523315,1.343394092329872,1.2893444802014224,0.740775157578178,149.62710679447287,475.76240931611756,7.4319693870834485,326.9244629931105
84.66463720689774,85.33614502444713,1.7935372135838104,1.9673735756717483,2.3770595669462606,131.63187077756638,327.13103597927704,7.214648833586132,285.8753708895842
120.27812312621646,116.02952944800992,1.0346397309331934,1.045719715597306,0.8623665581001656,112.03933139782154,302.6397800335685,6.177156679273288,351.0630249975532
102.96504471592122,97.4989893157239,1.6896634040067078,1.659852183089771,1.7455068064796821,101.2634809300152,488.46521964126987,7.3537445516551525,307.1235377242755
108.34679683344014,114.03137648947448,3.606735938814075,3.478540384736428,0.9453521582461699,168.36514254841867,333.45572984826225,6.128189422072351,351.56822230865237
89.83309963151346,89.26486466774506,2.2433258201040904,2.752709808186815,1.1144328340425418,40.91024216680026,346.71452013478495,7.192285299099794,283.6819134576397
118.64324270381266,119.38396730523272,4.877373584567165,4.633918035744455,1.5929170834562487,72.0901219856874,305.49496170257163,7.479162354443485,371.99438417156307
92.62060496875159,94.17421525747135,3.984982816463735,4.363627764915469,1.334386837129153,82.49067803560712,472.8645419036415,6.421939781239901,300.83638230619187
79.75960660922087,81.03698502683045,2.3139389409446207,2.060154982150083,0.8204512019530126,147.36387183191817,370.6866449845552,7.683244015085548,258.0653521261815
117.8654353538442,117.06514267140898,1.9518448496654375,2.1890514697225663,0.8418728048416966,178.8771930242957,428.65237615449337,6.060707611066008,359.5552773102675
80.74643370685443,82.87475215033311,2.6364802866232115,2.6412633914717882,1.3362895763255993,66.10057721357296,443.5420155052659,7.687625727316612,269.74509547357485
93.08867202205448,94.53262690804242,3.0415548996824815,3.1578431443439317,2.0145659565510012,161.1461001205621,302.55471257517746,6.920658101285531,305.4368577137497
114.0004021972776,116.57776771216463,2.1646890965078938,2.0234384685566646,2.2959292936955773,154.5934140647687,330.10829939611403,6.435175879863289,355.98167997751926
116.22018294564862,120.63817776987398,3.9014575560539067,3.48873417387101,0.6682553245187657,63.69860964626499,454.5415323218794,6.267556289987936,365.7132349439317
103.89686132735905,98.8995764841912,2.3650118078463995,2.6107472518846153,1.2862078151188021,89.89988702988339,308.97660550274304,7.906614335164745,316.0134416888456
100.49450728619695,105.6526272254312,3.24612995693,3.274960716721628,0.7004911274457533,91.45093039387787,438.1805400355554,6.145331175162314,323.4301497591247
99.25924509301399,103.75460787630765,2.612109680981945,3.0307794729075033,0.5331849612651958,176.73310027898376,482.2976967723311,6.398186839871851,319.75499521750436
91.66951747114254,88.72743689410586,2.263040479406278,2.3942163837022363,1.8234373652879132,57.133785206834744,386.96311192040207,6.6956446948660915,283.207839910942
94.80405167804808,91.11334690322208,4.797642783331778,4.531369389162346,1.7048988839331756,149.87369566571732,422.4881862355667,7.240469697922241,311.762517975048
107.57248064527552,108.44246179205828,3.926125794830181,4.178837174700252,0.8260382276297724,80.12890712596649,441.52919361234046,7.0896021705521965,335.1715468912293
114.18740246742874,110.633726523326,1.658027160040025,1.8262393669728922,0.9676256661861282,139.63055186642407,453.5118946689928,6.2512869848246275,341.562825607171
112.03883525697766,112.71505204685462,4.834741525549,4.5512336077294915,0.5474155072890368,93.00165064434943,318.5160013570388,6.579455967476429,348.3099021126297
110.2965090884064,113.05228710222515,2.9115440346525947,3.167920878035248,2.1698944113888077,116.753964467481,215.37903775279946,6.477503542172048,351.160079283413
84.01513663104447,85.55240852763292,4.722160496006002,4.980662996716519,2.449381192097103,154.89176599891965,320.56288137102183,6.427085708980683,297.07459756249557
101.40670627521243,103.10591171397193,3.9407664322150286,4.4041629330106575,0.7709190735893816,150.6248347475826,402.1268689352269,6.822288672959974,324.21756396138403
82.44893061164288,83.53180637145131,2.509566742513332,2.7507157370052795,0.9629504275305962,159.96347753095503,335.10511573423787,7.408062905183314,278.7678340535654
102.10293036656107,101.2573823290938,1.184358488856545,1.2988949280974202,2.236819047893868,38.94259880169885,424.6889452581196,6.434905864434472,307.4502699463317
95.55524499151483,99.67894115854328,2.371532643246977,2.1036870041591627,2.3529275959123694,133.80758295596172,307.09472884059915,6.733357759405963,309.5496349190682
113.51946455767916,121.20781311501764,3.2376595284005996,3.171317467300459,1.3392547656136207,50.99810650826443,390.4232423312088,6.781834853682325,357.4843510314722
89.82878468668406,93.63869926293543,3.471301273199958,3.4636300321618427,0.6012449445381483,92.37278520276165,255.9259414561924,7.95291305887082,295.9479517055847
89.93141088666505,81.75909274309231,2.03140902281748,2.344233413499231,0.5787836673856388,112.28826225820328,424.8108309934871,7.909332713758138,276.4846824507046
81.98807757593958,89.04090928997435,1.307342749497353,1.3937385631028962,1.6478997321380209,90.41092271202461,363.7087906439077,7.600275165504152,271.9229738276841
108.38170967531116,110.09928177683808,4.46062401246827,4.64619449213282,1.285790217786358,107.94175137045113,261.21931656398016,6.48331784163837,343.33138512832693
102.57350073594284,98.21071389460833,5.114075335278891,5.037581547562283,0.557304855155309,179.47894631979287,287.5733520493422,6.136074628183339,327.60097106064427
86.72968017574493,86.58717207636288,3.0123426626441274,2.822899494250355,1.6665047846251135,50.28259705692821,424.58261257454967,6.6338082754412495,277.2181567982758
82.47942320972382,81.75828768673813,1.5927087138413136,1.7602470019914982,0.5226050731780449,131.31840680046383,344.7803706984562,6.533589098867662,264.69257644327763
111.78199147638601,107.76716541145232,2.1424049520078854,1.669224004547151,2.074743916298546,89.40014495784229,264.8094321179217,7.011851600292788,340.56496837116623
80.89004838183614,83.90646124627479,0.9862187589817478,1.198664309556074,1.1128656454067432,49.95146983609932,490.1813571110893,7.555455820135586,265.9679395975981
113.71138485828565,113.44590141095145,4.643968703316831,4.834241522839794,0.5805160060184642,53.81051450614643,414.5375059450664,7.716645877757716,347.4942809080062
105.74364792648058,110.37804453767697,1.8909486893938676,1.352533140430154,1.6767044419663066,172.39096593684255,487.14044976193884,7.689728170821017,340.2772591643643
89.68939860899616,81.94749211396646,3.2566607619078147,3.3307754412481305,1.2953688288661094,161.9402245067643,328.131513608103,6.7193511224461355,282.8290231669763
79.83071330631914,84.93282595793593,2.0245528523445797,2.4870523694988815,2.4476008267142992,166.05629406225327,342.53010220751617,7.374468686921366,284.24031894268563
120.3950452707281,118.68694310729526,3.087203648936142,3.1155626692107865,1.5883973250074044,178.72991637410797,469.38656485550575,6.62566839504844,369.13245338070516
96.8721624730411,97.18726327290732,3.7545199477074442,3.3939000359961367,1.0504783620740166,61.24730850127769,357.5148020736154,6.121811086470365,308.24236420314145
96.06708317503012,96.67178833471479,4.282722380185185,4.615299895321326,1.9188777292679495,83.31590060460925,412.1836735717002,7.403130531205885,314.59909380269625
111.95611971366698,109.70566658416631,1.6958104793781277,2.218202525148572,1.0429840050854227,130.38285448873,275.65186324865897,6.0196551051395755,343.4289599803304
117.50048099615407,121.14788944387944,1.3082441210885243,1.0447224490034914,2.30848658281513,102.57038097909708,334.01794061079215,6.818365174916977,358.2087341156079
119.57147696885217,117.83215221757268,1.8314631211779566,1.7498351273569004,1.2494439410147529,92.75843000675002,237.03495974310653,6.658758538604151,357.59766451907876
109.6941214054722,112.5593008052011,4.479989854244679,4.868369750498597,1.5997371255524104,83.67168740033895,261.7940107630885,7.386755077037705,349.254724092194
97.94202077162136,96.15224536144065,4.122252319977938,4.347063463742384,0.6011462076484577,119.06709479151783,200.28302458028932,7.532490945520758,311.9079331146498
89.9715976727208,88.85457969833212,3.591155146648618,3.2925912416076595,1.3522424759044616,116.3390142960123,211.77951549459806,6.6081892719425674,293.8756774655017
109.41340128207398,110.41547868998191,3.265141476582613,3.6482423443655607,2.16472707932199,54.21867510963601,493.1851469530788,7.623254028889707,340.24553370026194
98.22676105069496,101.2882196010776,3.8182718180175756,3.997149553926724,2.111297610726684,100.76097562776586,272.7061085410287,6.587833521009868,323.62388873215036
96.70403422482529,96.91062155221586,1.3074643509514312,1.8140612865286694,0.9486371177070525,113.02076643147748,398.9932128512006,6.892652719973123,302.17754044409753
123.9933034167524,115.34463605528661,4.836167251359701,4.4816849129994285,0.9521581420211254,115.54304080970857,451.72990963988343,7.454037054028268,370.5691864152676
82.03687558833686,86.8477249980722,2.4328477137121363,3.072494321908181,2.1346106244264735,61.51607893685277,365.1981377709693,7.385840458449577,279.52005964909074
104.62235458796656,94.8560723463246,2.678706936811295,2.426359933435597,2.360796840338651,141.340708837843,245.94335002518687,7.9747369446244,325.08947061920054
85.48724823292608,77.29309853325769,3.078525434698637,3.00864326489706,0.6907218425460071,33.779864223160445,418.4349312008499,6.450322048431864,266.4372777173368
97.08566095464107,95.54301691502748,0.9970759832208912,1.2563314339981444,1.4001172788524505,83.2247783314744,380.0754230298749,7.324635827079165,296.16792697333716
83.95908026482932,85.10305380319421,1.5837262124389615,1.9759655591672725,1.174908557928458,147.03189728034505,419.3751768042125,7.219363816551555,280.2373564986829
89.63790652010849,89.88455676846866,4.089398157096822,4.1229296610159265,2.2413769109148785,114.58393815831035,430.9239868571261,7.83019690898006,298.66620190842764
83.56366664812174,84.38770221547178,1.3523735623235527,1.414167771772888,0.6670498293600375,69.17436487662903,492.62311030542355,6.31272428328975,267.7074913058488
105.35767100433547,105.46194691507252,3.5294910339600496,3.505266143889174,0.9222518851160748,134.24296790145718,372.068984008013,7.503596327173866,334.26296907079353
108.096752428771,110.05195165995647,2.376684555628381,1.990099372453977,2.0049366751729885,115.108641623411,302.49233380718056,7.1365372325375365,334.01143679338793
100.29048041180779,106.82038551171097,2.2443341338256957,2.6688103590716072,0.6025876979624312,149.4365414184581,394.53936707007114,6.549331739575811,323.60612763689414
116.53906930378365,115.70484253640996,2.4782174620765245,1.6488629315439387,1.4850707614285785,140.2537779284735,220.53221277278783,6.948869828294348,354.187022696813
91.32300238066139,95.70993012915251,2.443562053364439,2.363369374045837,1.38421406935944,121.5161883054352,469.2191954964759,6.667553194139596,298.41945150402313
91.53073385605211,94.35407634062172,3.696426811072356,3.924448007720338,1.1688023579774973,103.22665129662211,235.81430340145903,7.1586268055769215,306.4582227593083
112.43404543440248,116.24724763739795,1.922424137344902,1.9582840457687987,1.2891446306378476,49.97731885012851,298.3528513657455,7.7780012216293315,340.6618392916752
89.64519127615034,89.51257839057433,3.227794483032182,3.342883224749901,1.5598811738604659,69.19995268280756,444.72361418783623,7.1386099688244045,289.04695031220655
113.86121463901357,121.53203985532588,3.0885316311812905,2.8633073645991742,0.8227347167767662,92.8649209375628,379.1937134992136,7.263444836653168,356.1455354636724
81.47881968423603,72.37648210859494,3.6291748373750856,4.0057798011136905,1.6439917565671855,119.8948930509583,318.0906560832326,7.037495694229419,269.76459089418256
121.29573995313233,120.82877902689827,5.049549943348501,5.061922902342003,2.1108646585999726,107.05617828229572,342.03069781250645,6.102331012890952,379.46624026497085
75.74518955030868,79.76416942864077,3.6400532508306895,3.8371272750173686,2.020321859580318,73.22767889392942,456.3642179606541,6.465717113752189,271.02452707285914
116.76789425746556,110.15382585735347,1.857343724793816,1.829593972049688,0.8077998093875474,30.969653668456584,302.0013158179676,6.984003458864166,337.78943785777636
104.79105134087187,102.64165216202694,0.8742538513625149,1.1099430271234603,0.7984989394829478,104.43588328512209,460.8949054436514,6.620470567489409,308.7003693614807
116.0896687886984,123.8395674802609,2.121782553724294,1.9587242819673758,1.0363487354898266,72.84389828433646,226.44032929300744,6.363527195522389,355.4969518438095
87.96957974992907,82.53951704553288,3.5576892008204792,3.4193167196066447,1.2221494526820744,140.19124510658025,433.03953116258924,7.008265683836877,284.2054485692903
103.41122840415096,105.01279501766165,1.1215508952007907,1.0540468401594834,1.3169111628169652,33.591939790572525,454.2642899164209,6.645619586895701,315.17001743451453
116.65706585748873,123.6089361987299,2.4646222174795183,2.75934192181744,1.8593944336666905,117.72417169586863,254.54529585120162,6.51621528634683,359.6075854809369
100.75660653383284,104.8686571275581,3.4271610250268556,3.5119136404476103,0.6133608643316708,171.22113562590982,329.10395971166014,6.927970834880762,335.0399900225023
106.85092626297566,110.09583911352468,2.424323273614545,2.4628814801122054,0.5693454084521328,56.16139006672493,249.64993239909668,6.266568516164346,329.0432444915352
108.05796373362193,110.05633003260037,4.164507765975627,3.9227856630512896,1.283821125887818,100.7474236125893,411.9812386982653,7.855491466150815,342.8372693077199
99.79791056805004,98.40794350741571,1.6735494508995181,1.6054640986876072,1.894327384275961,43.713298772570724,360.60433041849706,7.735404195838478,310.918455962176
102.34030242412445,100.29642576767104,1.0863403910134253,1.1742355811101688,0.8868706859129651,123.85228683920289,390.5970040124963,7.415241171481071,319.05872430954076
103.88065494903223,102.63438501253415,4.0487982459045035,3.96338807242201,1.7830089625125034,112.57975208943384,258.94609008686336,6.212427655176913,334.3760855040151
111.80517692892461,113.51658063369098,3.2204667673203886,3.1460340673472853,1.019656275880599,91.10482863192485,263.52375861572585,7.551754508939386,348.3522177038459
81.48417702961221,88.33068336615176,3.397892068909641,3.7468870727702015,2.2721722176270327,108.20655322106118,212.44919765297192,7.615914656218038,288.4768461774896
88.52680465929484,90.7108701463922,2.80323971959878,2.8302575368432117,2.291379888533233,164.48619877035154,296.6202605587189,7.535529235428675,300.5434223639019
115.80986953529305,118.38607378341581,1.884772166754893,1.882322204178913,1.094574408562653,59.44414534666005,367.9233984001025,6.227931774238482,347.37033806284956
119.31883088126797,117.26500748375805,4.26010473607647,4.23711595401118,0.959987507926481,33.38467675580208,457.38047419919866,7.287815914135529,355.8874231231595
101.50020047321132,98.35707745054589,4.267198812583584,4.156491629699849,1.3226079441324625,159.24973270486515,400.0782342376042,7.668649591498797,323.9680904310285
106.632718274783,109.89045703335374,3.6813401705949964,3.6294702141096593,0.9810631703602974,116.56756235818597,330.61889701992544,7.154706802439335,334.62848408660085
87.81830902522756,89.22729923404195,1.9534389330875284,2.0532257162966943,1.8447676865834073,163.59876831927636,485.93603431824135,7.292814750456178,292.55218475629596
86.57562103986605,88.10866875466218,3.3677531509739533,3.051199007703599,2.152129369096571,119.5417835119759,415.77356017274957,6.916726958852612,287.72903886555076
102.18722929753683,96.32052444050514,2.226446399987547,2.345664838331686,1.846184261822434,151.52416349395537,479.049560858765,7.057414639768105,319.27913092334853
94.55923986196183,90.17402158738,1.1491632675294996,1.3093531946326025,2.148700894498699,94.45100450327219,358.2763919816497,6.06875371670345,294.7875396721626
110.30423309397996,101.51093720131902,4.805128958440272,4.618018351349895,1.2939843244149483,142.47898969324032,277.6712824379419,7.277926043946569,341.3335456666331
84.2893389967825,82.99827508745416,1.3175157166441145,1.49897503450169,0.8126339414177217,166.9562200334784,215.8480059094166,6.162894425782318,272.2313910030825
119.55193965611676,117.6878856330949,4.9342119154650526,4.788596575311184,1.9759018947951843,115.81844455833094,417.82545544515517,6.870029188680447,382.50897347779033
118.52108038657661,117.37116683956256,2.876541350402613,2.8799113954490356,1.2209490102831078,57.11777258435693,236.39089940166025,6.585310195334816,359.33811672177535
